StudyID,MeasurementType,MoleculeID,MeasurementID,MeasurementValue
DivyaStudy1,13C NMR Multiplet,Glu,C3 T,0.708263496
DivyaStudy1,13C NMR Multiplet,Glu,C3 D,0.271308137
DivyaStudy1,13C NMR Multiplet,Glu,C3 S,0.020428367
DivyaStudy1,13C NMR Multiplet,Glu,C4 Q,0.100540768
DivyaStudy1,13C NMR Multiplet,Glu,C4 D45,0.017201143
DivyaStudy1,13C NMR Multiplet,Glu,C4 D34,0.709242637
DivyaStudy1,13C NMR Multiplet,Glu,C4 S,0.173015452
DivyaStudy1,13C NMR Multiplet,Glu,C2 Q,0.41599924
DivyaStudy1,13C NMR Multiplet,Glu,C2 D12,0.06068351
DivyaStudy1,13C NMR Multiplet,Glu,C2 D23,0.430103883
DivyaStudy1,13C NMR Multiplet,Glu,C2 S,0.093213368
DivyaStudy1,13C NMR Multiplet,Glu,C1 S,0.192599257
DivyaStudy1,13C NMR Multiplet,Glu,C1 D,0.807400743
DivyaStudy1,13C NMR Multiplet,Glu,C5 D,0.917346335
DivyaStudy1,13C NMR Multiplet,Glu,C5 S,0.082653665
DivyaStudy1,13C NMR Multiplet,Asp,C3 Q,0.428797969
DivyaStudy1,13C NMR Multiplet,Asp,C3 D34,0.074680442
DivyaStudy1,13C NMR Multiplet,Asp,C3 D23,0.428363904
DivyaStudy1,13C NMR Multiplet,Asp,C3 S,0.068157685
DivyaStudy1,13C NMR Multiplet,Asp,C2 Q,0.428393325
DivyaStudy1,13C NMR Multiplet,Asp,C2 D12,0.082800957
DivyaStudy1,13C NMR Multiplet,Asp,C2 D23,0.416419239
DivyaStudy1,13C NMR Multiplet,Asp,C2 S,0.072386479
DivyaStudy1,13C NMR Multiplet,Asp,C1 D,0.970457983
DivyaStudy1,13C NMR Multiplet,Asp,C1 S,0.029542017
DivyaStudy1,13C NMR Multiplet,Asp,C4 D,0.818106956
DivyaStudy1,13C NMR Multiplet,Asp,C4 S,0.181893044
DivyaStudy1,MS Isotopologue,Glu,m+0,0
DivyaStudy1,MS Isotopologue,Glu,m+1,0.1
DivyaStudy1,MS Isotopologue,Glu,m+2,0.2
DivyaStudy1,MS Isotopologue,Glu,m+3,0.3
DivyaStudy1,MS Isotopologue,Glu,m+4,0.4
DivyaStudy1,MS Isotopologue,Glu,m+5,0
DivyaStudy1,MS Isotopologue,Asp,m+2,0.7
DivyaStudy1,Fractional Enrichment,Glu,C4,0.2
