C13 NMR Isotopomer Multiplet Analysis 0,,,,,,,,,,,,,,,,,,,,,,,
Copyright: 2017 UTSouthwestern Advanced Imaging Research Center,,,,,,,,,,,,,,,,,,,,,,,
Design by NeuroSpectroScopics LLC,,,,,,,,,,,,,,,,,,,,,,,
www.neurospectroscopics.com,,,,,,,,,,,,,,,,,,,,,,,
Acknowledgement for publications: Development of C13 NMR Isotopomer Multiplet Analysis was supported by funding from NIH/NIBIB P41 EB015908,,,,,,,,,,,,,,,,,,,,,,,
 NOT FOR CLINICAL USE,,,,,,,,,,,,,,,,,,,,,,,
,,,,,,,,,,,,,,,,,,,,,,,
,,,,,,,,,,,,,,,,,,,,,,,
SpectrumID,MultipletID,FractionalIntensityBestFit,FractionalIntegralBestFit,RawIntensityBestFit,MultipletCenterPPM,IsotopeShift,LorentzR2*(sec-1),R1SatFactor,JHz(1_2),JHz(1_3),JHz(1_4),JHz(1_5),JHz(1_6),JHz(2_3),JHz(2_4),JHz(2_5),JHz(2_6),JHz(3_4),JHz(3_5),JHz(3_6),JHz(4_5),JHz(4_6),JHz(5_6)
LeanControl2,Glu C1 S,0.22622,0.185,238467800,175.1895,N/A,8,N/A,N/A,N/A,N/A,N/A,N/A,N/A,N/A,N/A,N/A,N/A,N/A,N/A,N/A,N/A,N/A
LeanControl2,Glu C1 D,0.77378,0.815,815676762.6,175.1895,N/A,8,N/A,53.4914,N/A,N/A,N/A,N/A,N/A,N/A,N/A,N/A,N/A,N/A,N/A,N/A,N/A,N/A
LeanControl2,Glu C2 S,0.089049,0.075182,481062211,55.3598,N/A,6,N/A,N/A,N/A,N/A,N/A,N/A,N/A,N/A,N/A,N/A,N/A,N/A,N/A,N/A,N/A,N/A
LeanControl2,Glu C2 D12,0.10057,0.10212,543299428.8,55.351,N/A,10,N/A,53.4914,N/A,N/A,N/A,N/A,N/A,N/A,N/A,N/A,N/A,N/A,N/A,N/A,N/A,N/A
LeanControl2,Glu C2 D23,0.52622,0.53322,2842769250,55.3555,N/A,6,N/A,N/A,N/A,N/A,N/A,N/A,34.6026,N/A,N/A,N/A,N/A,N/A,N/A,N/A,N/A,N/A
LeanControl2,Glu C2 Q,0.28416,0.28947,1535108912,55.3463,N/A,10,N/A,53.4914,N/A,N/A,N/A,N/A,34.6026,N/A,N/A,N/A,34.622,N/A,N/A,51.3361,N/A,N/A
LeanControl2,Glu C3 S,0.16974,0.13725,867792132.5,27.6062,N/A,8,N/A,N/A,N/A,N/A,N/A,N/A,N/A,N/A,N/A,N/A,N/A,N/A,N/A,N/A,N/A,N/A
LeanControl2,Glu C3 D,0.67264,0.69806,3438761442,27.5943,N/A,6,N/A,N/A,N/A,N/A,N/A,N/A,N/A,N/A,N/A,N/A,34.622,N/A,N/A,N/A,N/A,N/A
LeanControl2,Glu C3 T,0.15761,0.16468,805778131.4,27.5836,N/A,10,N/A,53.4914,N/A,N/A,N/A,N/A,34.6026,N/A,N/A,N/A,34.622,N/A,N/A,51.3361,N/A,N/A
LeanControl2,Glu C4 S,0.11655,0.0955,298396243.5,34.1853,N/A,7,N/A,N/A,N/A,N/A,N/A,N/A,N/A,N/A,N/A,N/A,N/A,N/A,N/A,N/A,N/A,N/A
LeanControl2,Glu C4 D34,0,0,0,34.1767,N/A,10,N/A,N/A,N/A,N/A,N/A,N/A,N/A,N/A,N/A,N/A,34.622,N/A,N/A,N/A,N/A,N/A
LeanControl2,Glu C4 D45,0.53897,0.55148,1379841543,34.1743,N/A,6,N/A,N/A,N/A,N/A,N/A,N/A,N/A,N/A,N/A,N/A,N/A,N/A,N/A,51.3361,N/A,N/A
LeanControl2,Glu C4 Q,0.34448,0.35302,881915656.2,34.1673,N/A,8,N/A,53.4914,N/A,N/A,N/A,N/A,34.6026,N/A,N/A,N/A,34.622,N/A,N/A,51.3361,N/A,N/A
LeanControl2,Glu C5 S,0.14291,0.10797,202941475.9,181.9417,N/A,10,N/A,N/A,N/A,N/A,N/A,N/A,N/A,N/A,N/A,N/A,N/A,N/A,N/A,N/A,N/A,N/A
LeanControl2,Glu C5 D,0.85709,0.89203,1217090301,181.9397,N/A,10,N/A,N/A,N/A,N/A,N/A,N/A,N/A,N/A,N/A,N/A,N/A,N/A,N/A,51.3361,N/A,N/A
